Random,31,98,64,149,109,95,171,67,96,47,135,4,123,152,180,153,30,55,32,185,78,155,186,16,191,167,175,2,106,39,129,53,130,162,183,195,94,170,40,44,157,189,35,42,20,1,188,63,21,194,112,159,11,178,66,19,173,161,134,137,101,169,132,163,165,143,193,29,28,99,15,33,49,41,160,139,177,184,74,107,148,114,90,43,0,93,115,146,34,100,85,65,48,168,196,110,158,3,61,7
SteepestLocalSearch_nodes,89,183,143,117,0,46,68,139,193,41,115,5,42,181,159,69,108,18,22,146,34,160,48,54,177,10,190,4,112,84,184,43,116,65,59,118,51,151,133,162,123,127,70,135,154,180,53,121,100,26,86,75,44,25,16,171,175,113,56,31,78,145,179,196,81,90,40,165,185,106,178,138,14,144,62,9,148,102,49,52,55,92,57,129,82,120,2,101,1,97,152,124,94,63,79,80,176,137,23,186
GreedyLocalSearch_nodes,23,137,118,80,51,63,79,124,94,121,97,101,1,2,152,129,120,82,55,106,14,144,102,49,148,9,62,138,52,178,165,40,90,81,179,196,185,57,92,78,145,31,175,113,171,16,56,25,44,75,53,86,100,26,180,70,135,127,154,123,65,116,42,84,4,176,151,133,162,59,43,190,10,184,48,177,54,160,181,34,146,22,5,193,41,159,69,18,108,93,140,117,0,143,68,139,46,115,183,89
SteepestLocalSearch_egde,89,183,143,117,0,46,68,139,193,41,115,5,42,181,159,69,108,18,22,146,34,160,48,54,177,10,190,4,112,84,184,43,116,65,59,118,51,151,133,162,123,127,70,135,154,180,53,121,100,26,86,75,44,25,16,171,175,113,56,31,78,145,179,196,81,90,40,165,185,106,178,138,14,144,62,9,148,102,49,55,92,129,52,57,82,120,2,101,1,97,152,124,94,63,79,80,176,137,23,186
GreedyLocalSearch_egde,65,178,0,185,100,52,51,106,78,5,117,162,175,186,81,121,123,14,68,43,102,145,158,138,90,152,2,70,25,82,137,140,179,183,16,59,1,31,113,40,94,165,97,23,171,62,180,26,86,139,116,143,93,148,177,44,55,41,190,89,154,49,149,184,54,48,160,34,146,22,18,108,69,159,181,42,193,151,101,56,144,53,196,80,135,120,133,127,63,129,57,75,118,176,124,92,9,46,79,115
SteepestLocalSearch_nodes_rand,41,115,93,65,35,59,51,176,122,23,170,34,146,139,68,97,88,56,57,32,151,45,133,79,80,130,63,120,44,78,106,9,94,141,10,11,167,128,156,54,22,193,143,117,179,164,178,55,168,101,100,145,81,175,52,148,137,47,86,129,152,53,70,42,142,37,132,39,58,95,198,96,127,123,116,5,46,131,149,166,77,19,125,171,113,31,49,21,2,189,62,114,140,192,30,135,180,154,158,109
GreedyLocalSearch_nodes_rand,51,198,148,138,3,14,178,111,173,194,135,112,190,11,184,84,4,126,176,79,6,53,182,121,189,1,86,101,25,196,174,81,187,85,157,38,188,88,171,113,175,168,145,129,55,57,120,74,150,2,44,78,119,165,7,71,185,39,124,63,66,151,161,139,41,42,5,193,20,110,163,134,142,68,93,108,67,143,60,183,137,186,114,83,73,155,144,102,9,24,35,96,116,43,147,30,177,59,131,105
SteepestLocalSearch_egde_rand,140,133,74,44,16,145,21,107,55,165,120,25,128,80,70,193,139,153,7,15,180,63,115,130,75,77,33,3,172,106,37,94,121,50,185,164,78,138,92,118,176,46,26,39,144,62,168,51,59,150,137,149,5,184,10,167,53,34,35,160,124,127,48,60,181,43,116,191,42,151,154,123,47,161,171,87,197,76,183,73,31,1,86,152,186,194,170,179,182,109,79,65,192,97,61,49,101,174,40,91
GreedyLocalSearch_egde_rand,98,25,69,58,124,79,99,184,88,83,160,11,12,89,97,166,181,137,84,82,168,148,108,151,64,140,63,31,66,136,53,29,87,59,126,188,161,170,75,109,51,112,189,119,49,193,34,80,78,5,176,46,146,1,40,154,23,180,70,65,152,55,198,73,115,13,91,194,4,94,128,92,130,9,132,27,138,186,60,101,102,133,159,190,52,129,162,20,22,26,86,85,172,57,171,169,174,93,43,41
Random,161,171,108,134,20,67,78,91,39,60,181,76,68,145,154,151,38,7,73,173,11,128,162,119,48,103,155,28,1,152,95,29,25,136,167,189,182,70,129,16,21,156,31,63,139,43,126,147,27,124,157,125,42,187,26,191,97,120,121,61,0,33,30,51,105,6,188,13,9,148,99,159,100,80,79,122,92,160,150,146,179,59,49,66,52,50,82,69,98,164,10,132,77,84,177,197,106,141,140,36
SteepestLocalSearch_nodes,183,140,95,130,99,22,179,185,86,166,194,113,176,26,103,114,137,127,89,163,187,153,81,77,141,91,61,36,175,78,142,45,5,177,21,82,111,8,104,138,182,139,168,195,145,15,3,70,13,132,169,188,6,147,115,10,133,122,63,135,38,1,117,193,31,54,131,121,90,51,118,74,134,11,33,160,29,0,109,35,143,106,124,128,62,18,55,34,170,152,4,149,28,20,60,94,66,47,148,199
GreedyLocalSearch_nodes,179,22,60,94,47,66,130,86,95,99,185,166,194,113,176,114,26,89,137,127,163,103,187,81,153,111,77,141,175,78,45,142,177,91,5,36,61,21,82,104,8,160,33,29,195,13,145,169,188,70,15,3,132,6,147,115,122,10,133,90,121,54,193,31,117,1,38,135,63,131,134,51,118,74,139,182,138,11,168,0,109,35,143,106,124,62,128,34,170,55,183,18,152,140,4,149,28,59,20,148
SteepestLocalSearch_egde,130,199,140,95,99,22,179,185,86,166,194,113,176,26,103,114,137,127,89,163,187,153,81,77,141,91,61,36,175,78,142,45,5,177,21,82,111,8,104,138,182,139,168,195,145,15,3,70,13,132,169,188,6,147,115,10,133,122,63,135,38,1,117,193,31,54,131,90,51,121,118,74,134,11,33,160,29,0,109,35,143,106,124,128,62,18,55,34,170,152,4,149,28,20,60,94,66,47,148,183
GreedyLocalSearch_egde,79,49,99,144,163,6,124,15,20,126,139,143,165,61,109,21,166,127,177,175,142,97,155,183,28,52,89,170,176,78,195,4,159,29,104,113,185,86,36,187,103,26,180,3,13,106,161,128,145,132,34,60,111,149,57,47,22,130,172,169,189,0,146,45,18,66,140,94,11,8,168,33,160,91,194,59,9,152,182,82,114,5,153,188,35,138,55,70,62,148,179,184,199,81,141,137,77,56,87,95
SteepestLocalSearch_nodes_rand,102,197,138,109,53,37,82,179,52,50,58,142,54,3,155,167,188,118,70,55,95,180,124,99,169,85,2,10,112,19,121,192,6,74,79,67,182,116,78,33,149,75,93,64,119,114,186,12,148,174,36,32,133,21,136,46,5,177,0,49,88,130,9,140,152,183,166,147,44,160,77,153,26,128,86,159,172,22,106,110,83,103,100,135,40,122,98,189,41,143,81,47,94,20,11,73,123,69,84,132
GreedyLocalSearch_nodes_rand,38,1,27,16,54,173,197,156,198,30,118,67,21,11,138,29,0,39,56,104,8,97,141,91,58,82,37,25,51,120,191,125,90,100,133,44,147,65,10,132,70,15,126,119,146,153,55,95,83,62,64,172,94,57,149,59,101,47,23,60,20,18,185,110,179,128,103,26,113,129,163,165,127,48,76,93,75,114,137,106,143,155,184,170,168,188,169,6,49,177,80,190,142,5,46,122,32,73,63,135
SteepestLocalSearch_egde_rand,3,104,132,25,87,77,97,181,195,154,94,60,86,119,35,199,183,89,167,50,53,179,139,91,122,58,62,70,79,48,176,172,194,159,88,180,26,146,29,15,168,142,127,153,41,170,96,63,161,163,18,34,189,81,126,162,121,51,186,182,125,46,10,178,177,131,169,52,137,144,124,31,108,43,33,113,188,72,175,5,7,193,68,106,111,56,166,75,185,140,103,20,57,14,8,171,54,85,197,152
GreedyLocalSearch_egde_rand,104,138,182,25,191,11,162,105,117,80,102,98,8,94,183,3,51,30,96,165,50,187,109,29,189,135,130,186,64,180,28,6,83,185,142,115,107,10,82,145,153,57,20,93,125,129,1,192,197,73,68,44,110,170,150,14,148,149,173,111,15,84,143,89,74,88,87,188,174,91,13,26,199,43,124,144,164,132,86,70,194,63,61,99,48,92,127,101,154,152,75,52,176,95,159,55,139,161,155,78
Random,95,57,73,5,25,15,9,94,107,100,178,76,106,77,28,168,153,0,175,150,49,157,63,173,61,82,120,188,39,75,20,10,29,90,40,135,58,51,18,156,32,116,50,181,187,179,151,113,194,62,21,41,14,174,161,132,192,66,158,177,133,27,11,65,170,117,53,13,169,154,164,8,92,64,182,43,185,199,68,145,1,184,148,195,110,34,197,165,159,31,54,189,12,19,108,190,128,163,103,97
SteepestLocalSearch_nodes,183,140,95,130,99,22,179,185,86,166,194,113,176,26,103,114,137,127,89,163,187,153,81,77,141,91,61,36,175,78,142,45,5,177,21,82,111,8,104,138,182,139,168,195,145,15,3,70,13,132,169,188,6,147,115,10,133,122,63,135,38,1,117,193,31,54,131,121,90,51,118,74,134,11,33,160,29,0,109,35,143,106,124,128,62,18,55,34,170,152,4,149,28,20,60,94,66,47,148,199
GreedyLocalSearch_nodes,166,194,176,26,113,103,127,114,137,89,163,187,153,81,77,141,21,45,91,78,175,142,5,177,36,61,82,8,104,33,160,182,134,139,168,132,70,3,15,13,195,188,169,6,147,51,115,90,10,133,122,63,38,121,135,131,1,117,118,74,138,11,145,0,29,109,35,111,143,106,128,124,18,62,55,34,170,9,199,28,4,140,149,183,152,95,179,185,99,22,130,66,94,60,59,20,47,148,172,86
SteepestLocalSearch_egde,130,199,140,95,99,22,179,185,86,166,194,113,176,26,103,114,137,127,89,163,187,153,81,77,141,91,61,36,175,78,142,45,5,177,21,82,111,8,104,138,182,139,168,195,145,15,3,70,13,132,169,188,6,147,115,10,133,122,63,135,38,1,117,193,31,54,131,90,51,121,118,74,134,11,33,160,29,0,109,35,143,106,124,128,62,18,55,34,170,152,4,149,28,20,60,94,66,47,148,183
GreedyLocalSearch_egde,188,36,104,127,103,141,160,170,69,66,97,132,128,70,6,144,34,9,91,139,194,161,169,109,148,61,111,52,89,177,77,149,45,153,81,87,182,43,0,124,99,138,28,21,50,130,78,175,187,163,186,199,183,176,180,113,142,8,146,29,5,11,189,179,165,137,64,59,94,20,35,155,3,145,106,15,18,62,4,114,159,152,56,172,86,13,95,33,55,166,134,168,47,195,60,140,143,185,22,82
SteepestLocalSearch_nodes_rand,147,33,6,195,29,49,25,173,85,95,199,186,138,145,133,44,140,61,110,55,56,146,46,5,90,71,118,135,42,73,80,136,51,160,88,119,126,122,191,98,63,27,91,81,153,50,144,79,137,148,149,3,168,35,129,77,36,82,78,192,188,2,43,181,172,11,139,0,109,132,15,194,163,103,86,130,18,167,47,183,166,57,64,28,53,134,158,180,124,159,23,60,37,111,125,96,30,102,100,115
GreedyLocalSearch_nodes_rand,60,148,66,47,149,59,101,4,9,99,130,86,172,179,83,21,82,141,61,175,41,144,139,134,74,67,98,51,178,122,96,92,90,125,135,121,116,131,151,112,160,173,19,136,162,46,190,24,117,30,193,196,156,27,78,105,142,45,104,81,97,146,165,176,113,103,48,93,137,26,163,124,18,106,170,15,184,167,13,161,150,100,72,10,107,133,147,188,195,126,29,145,39,109,35,37,55,34,183,174
SteepestLocalSearch_egde_rand,160,98,82,177,71,97,14,21,10,69,45,16,90,15,77,65,109,123,19,103,187,116,62,52,64,111,136,125,149,168,118,115,130,59,183,178,46,151,132,93,163,29,36,190,173,133,153,56,68,139,181,175,158,37,24,195,67,117,121,120,131,148,6,4,146,78,99,33,110,95,185,166,51,142,3,22,170,86,2,122,100,108,96,143,127,113,76,60,47,66,179,172,180,75,94,43,128,114,38,138
GreedyLocalSearch_egde_rand,80,190,181,157,61,0,25,148,109,16,111,17,30,136,156,14,99,34,146,129,20,13,85,3,44,120,102,74,53,18,145,22,150,12,154,46,121,2,93,198,8,6,94,171,54,91,130,185,133,123,168,19,144,92,178,15,106,175,63,116,56,108,86,176,77,139,37,51,42,88,49,82,177,43,131,126,188,65,151,159,29,81,184,57,9,96,124,7,186,113,72,147,38,31,67,105,132,183,189,21
